width_pitch,width_rib_a,width_rib_c,height_anode,height_cathode,height_electrolyte,current,max_temperature,min_temperature
2,1,30,0.41,0.025,0.01,3519.90250783343,1053.43598257697,954.541711239328
2,1,40,0.41,0.025,0.01,3508.74451171485,1056.83346329111,954.906408548047
2,1,50,0.41,0.025,0.01,3488.39451386692,1060.07275843731,955.536114179458
2,1,60,0.41,0.025,0.01,3463.17770723912,1062.36879069515,956.30957509202
2,1,70,0.41,0.025,0.01,3441.64108572847,1064.63352327831,957.011311199966
